MA,FA,Cs,Pb,Sn,Br,Cl,I,Bandgap,HOMO,LUMO,Light source,Illuminance (lux),PCE,Voc,Jsc(?A cm-2),FF
0.36,0.54,0.1,1,0,0.4,0,0.6,1.75,0.45,0.2,FL,1000,32.7,1.09,104.8,0.82
0.36,0.54,0.1,1,0,0.4,0,0.6,1.75,0.45,0.2,FL,500,28.9,1.01,53.7,0.81
0.36,0.54,0.1,1,0,0.4,0,0.6,1.75,0.45,0.2,FL,300,24.2,0.97,31.3,0.81
0.36,0.54,0.1,1,0,0.4,0,0.6,1.75,0.45,0.2,FL,200,22.3,0.91,19.3,0.75
0.36,0.54,0.1,1,0,0.4,0,0.6,1.75,0.45,0.2,FL,100,21.5,0.88,10,0.74
0.36,0.54,0.1,1,0,0.4,0,0.6,1.75,0.45,0.2,LED,1000,35.6,1.08,111,0.83
0.36,0.54,0.1,1,0,0.4,0,0.6,1.75,0.45,0.2,LED,500,29.6,0.99,54.3,0.8
0.36,0.54,0.1,1,0,0.4,0,0.6,1.75,0.45,0.2,LED,300,26.4,0.96,31,0.81
0.36,0.54,0.1,1,0,0.4,0,0.6,1.75,0.45,0.2,LED,200,22.7,0.92,19.5,0.74
0.36,0.54,0.1,1,0,0.4,0,0.6,1.75,0.45,0.2,LED,100,22,0.85,10.7,0.73
1,0,0,1,0,0,0,0,1.53,0.2,0.43,FL,400,25.4,0.775,58,0.72
1,0,0,1,0,0,0,0,1.53,0.2,0.43,LED,400,12.1,0.662,33.7,0.77
1,0,0,1,0,0,0,0,1.53,0.2,0.63,LED,400,21.9,0.873,63.3,0.61
1,0,0,1,0,0,0,0,1.53,0.2,0.43,LED,200,12.8,0.81,27.7,0.496
1,0,0,1,0,0,0,0,1.53,0.2,0.43,LED,400,13.3,0.84,52.6,0.526
0.38,0.57,0.05,1,0,0.4,0,0.6,1.75,1.49,-0.44,HALOGEN,200,13.76,0.84,35.6,0.62
0.38,0.57,0.05,1,0,0.4,0,0.6,1.75,1.49,-0.44,HALOGEN,400,14.06,0.87,65.45,0.606
0.38,0.57,0.05,1,0,0.4,0,0.6,1.75,1.49,-0.44,HALOGEN,800,16.83,0.92,126.08,0.658
0.38,0.57,0.05,1,0,0.4,0,0.6,1.75,1.49,-0.44,HALOGEN,1000,20.3,0.94,177.82,0.664
0.38,0.57,0.05,1,0,0.4,0,0.6,1.75,1.49,-0.44,LED,200,28.78,0.87,27.76,0.631
0.38,0.57,0.05,1,0,0.4,0,0.6,1.75,1.49,-0.44,LED,400,28.86,0.89,53.38,0.641
0.38,0.57,0.05,1,0,0.4,0,0.6,1.75,1.49,-0.44,LED,800,25.89,0.92,94.73,0.629
0.38,0.57,0.05,1,0,0.4,0,0.6,1.75,1.49,-0.44,LED,1000,28.01,0.93,126.44,0.634
1,0,0,1,0,0,0,1,1.53,0.2,0.63,LED,810,31.97,0.871,121,0.768
1,0,0,1,0,0,0,1,1.53,0.2,0.63,LED,860,30.36,0.867,120,0.773
1,0,0,1,0,0,0,1,1.53,0.2,0.63,LED,910,28.98,0.87,125,0.78
1,0,0,1,0,0,0,1,1.53,0.2,0.43,LED,400,20.7,0.83,55,0.691
0,0,1,1,0,0.33,0,0.66,1.91,0.5,0.61,FL,1000,19.5,0.64,130,0.63
1,0,0,1,0,0,0,1,1.53,0.2,0.48,FL,400,21.33,0.871,62,0.583
1,0,0,1,0,0,0,1,1.53,0.2,0.63,LED,1000,27,0.858,129,0.753
1,0,0,1,0,0,0,1,1.53,0.2,0.53,LED,1000,35.9,0.98,157,0.72
1,0,0,1,0,0,0,1,1.53,0.4,0.33,LED,1000,26.3,0.84,132,0.75
1,0,0,1,0,0,0,1,1.53,0.2,0.33,LED,1000,35.2,0.87,150,0.752
1,0,0,1,0,0,0,1,1.53,0.2,0.63,LED,555,33.88,0.867,89.7,0.7694
1,0,0,1,0,0,0,1,1.53,0.2,0.63,LED,538,33.56,0.844,79.2,0.7592
1,0,0,1,0,0,0,1,1.53,0.2,0.63,LED,492,31.34,0.833,65.6,0.755
0.85,0,0.15,1,0,0,0,1,1.8,0.5,0.5,LED,200,22.68,0.785,22.73,0.75
0.85,0,0.15,1,0,0,0,1,1.8,0.5,0.5,LED,500,22.96,0.813,54.3,0.79
0.85,0,0.15,1,0,0,0,1,1.8,0.5,0.5,LED,600,22.63,0.82,63.97,0.79
0.85,0,0.15,1,0,0,0,1,1.8,0.5,0.5,LED,1000,23.08,0.83,108.31,0.8
0.85,0,0.15,1,0,0,0,1,1.8,0.5,0.5,LED,1500,22.9,0.841,841,0.8
0.85,0,0.15,1,0,0,0,1,1.8,0.5,0.5,LED,2000,22.84,0.855,855,0.8
1,0,0,1,0,0,0,1,1.53,0.2,0.63,LED,200,0.512,0.451,2.01,0.4544
1,0,0,1,0,0,0,1,1.53,0.2,0.63,LED,400,0.4151,0.502,3,0.4105
1,0,0,1,0,0,0,1,1.53,0.2,0.43,LED,200,12.11,0.805,25.68,0.4959
1,0,0,1,0,0,0,1,1.53,0.2,0.43,LED,400,12.06,0.842,40.26,0.5257
0.25,0.75,0,0,1,0.33,0,0.66,1.3,0.5,0.2,LED,1000,10.45,0.26,230,0.47
0.25,0.75,0,0,1,0.33,0,0.66,1.4,0.3,0.1,LED,1000,12.81,0.28,280,0.67
1,0,0,1,0,0,0,1,1.53,0.2,0.33,LED,100,27.33,0.78,13.43,0.78
1,0,0,1,0,0,0,1,1.53,0.2,0.33,LED,200,27.95,0.82,25.72,0.79
1,0,0,1,0,0,0,1,1.53,0.2,0.33,LED,400,30.49,0.85,54.72,0.77
1,0,0,1,0,0,0,1,1.53,0.2,0.33,LED,600,28.55,0.86,74.73,0.8
1,0,0,1,0,0,0,1,1.53,0.2,0.33,LED,800,27.28,0.87,96.61,0.79
1,0,0,1,0,0,0,1,1.53,0.2,0.33,LED,1000,30.12,0.88,130.7,0.79
1,0,0,1,0,0,0,1,1.55,0.05,0.05,LED,400,23.64,0.86,45.19,0.73
1,0,0,1,0,0,0,1,1.55,0.05,0.05,LED,600,24.1,0.88,68.17,0.74
1,0,0,1,0,0,0,1,1.55,0.05,0.05,LED,800,25.04,0.89,90.76,0.74
1,0,0,1,0,0,0,1,1.55,0.05,0.05,LED,1000,24.78,0.9,114.11,0.74
1,0,0,1,0,0,0,1,1.55,0.05,-0.4,LED,400,25.13,0.86,44.94,0.78
1,0,0,1,0,0,0,1,1.55,0.05,-0.4,LED,600,25.24,0.87,67.63,0.79
1,0,0,1,0,0,0,1,1.55,0.05,-0.4,LED,800,25.45,0.88,86.3,0.8
1,0,0,1,0,0,0,1,1.55,0.05,-0.4,LED,1000,26.19,0.89,112.81,0.8
1,0,0,1,0,0,0,1,1.55,0.05,-0.89,LED,400,26.21,0.89,45.31,0.78
1,0,0,1,0,0,0,1,1.55,0.05,-0.89,LED,600,26.33,0.89,68.11,0.8
1,0,0,1,0,0,0,1,1.55,0.05,-0.89,LED,800,26.71,0.87,90.48,0.81
1,0,0,1,0,0,0,1,1.55,0.05,-0.89,LED,1000,26.98,0.9,113.5,0.81
1,0,0,1,0,0,0,1,1.55,0.05,-0.84,LED,400,26.91,0.86,46.36,0.81
1,0,0,1,0,0,0,1,1.55,0.05,-0.84,LED,600,26.58,0.87,69.46,0.81
1,0,0,1,0,0,0,1,1.55,0.05,-0.84,LED,800,27.49,0.88,92.07,0.81
1,0,0,1,0,0,0,1,1.55,0.05,-0.84,LED,1000,27.12,0.89,115.37,0.81
1,0,0,1,0,0,0,1,1.55,0.05,0.05,LED,400,26.99,0.9,49.48,0.72
1,0,0,1,0,0,0,1,1.55,0.05,0.05,LED,600,26.44,0.92,72.51,0.73
1,0,0,1,0,0,0,1,1.55,0.05,0.05,LED,800,28.74,0.94,98.63,0.74
1,0,0,1,0,0,0,1,1.55,0.05,0.05,LED,1000,25.58,0.95,123,0.75
1,0,0,1,0,0,0,1,1.55,0.05,-0.4,LED,400,32.52,0.95,51.99,0.79
1,0,0,1,0,0,0,1,1.55,0.05,-0.4,LED,600,32.8,0.97,78.8,0.79
1,0,0,1,0,0,0,1,1.55,0.05,-0.4,LED,800,33.89,0.98,103.2,0.8
1,0,0,1,0,0,0,1,1.55,0.05,-0.4,LED,1000,33.27,0.99,128.83,0.8
1,0,0,1,0,0,0,1,1.55,0.05,-0.84,LED,400,36.14,0.98,56.62,0.81
1,0,0,1,0,0,0,1,1.55,0.05,-0.84,LED,600,36.33,0.99,82.44,0.82
1,0,0,1,0,0,0,1,1.55,0.05,-0.84,LED,800,36.9,1,107.43,0.82
1,0,0,1,0,0,0,1,1.55,0.05,-0.84,LED,1000,36.1,1.01,133.67,0.82
1,0,0,1,0,0,0,1,1.53,0.2,0.43,LED,1000,17.8,0.779,147,0.465
1,0,0,1,0,0.066,0.066,0.86,1.78,0.24,0.36,LED,1000,22.6,0.86,138,0.572
1,0,0,1,0,0,0,1,1.53,-0.01,0.07,LED,1000,30.01,0.796,186,0.74
1,0,0,1,0,0,0,1,1.53,-0.01,0.07,LED,200,20.14,0.698,66,0.59
1,0,0,1,0,0,0,1,1.53,0.35,0.07,LED,1000,15.5,0.6,130,0.5
1,0,0,1,0,0,0,1,1.53,0.35,0.07,LED,200,10.31,0.645,58,0.41
1,0,0,1,0,0,0,1,1.6,0.09,-0.56,FL,1000,27.4,0.85,137.5,0.77
1,0,0,1,0,0,0,1,1.6,0.09,-0.56,LED,400,26.9,0.895,64.5,0.72
1,0,0,1,0,0,0,1,1.53,0.2,0.33,FL,200,26.5,0.81,30.6,0.68
1,0,0,1,0,0,0,1,1.53,0.2,0.33,FL,400,27.4,0.85,57.4,0.71
1,0,0,1,0,0,0,1,1.53,0.2,0.33,FL,600,27.7,0.86,84.5,0.72
1,0,0,1,0,0,0,1,1.53,0.2,0.33,FL,800,28.2,0.87,111,0.73
1,0,0,1,0,0,0,1,1.53,0.2,0.33,FL,1000,28.6,0.88,135,0.75
1,0,0,1,0,0,0,1,1.53,0.2,0.63,LED,500,17.5,0.8,74,0.46
1,0,0,1,0,0,0,1,1.53,0.2,-0.13,LED,500,33.4,0.97,77.1,0.7
1,0,0,1,0,0,0,1,1.53,0.2,-0.41,LED,500,32.3,0.93,77,0.71
1,0,0,1,0,0,0,1,1.53,0.2,0.63,LED,1000,24.7,0.89,149,0.52
1,0,0,1,0,0,0,1,1.53,0.2,-0.13,LED,1000,35.9,0.98,157.6,0.72
1,0,0,1,0,0,0,1,1.53,0.2,-0.41,LED,1000,34.8,0.95,157.7,0.72
1,0,0,1,0,0,0,1,1.53,0.2,0.43,FL,200,24,0.705,31,0.6
1,0,0,1,0,0,0,1,1.53,0.2,0.43,FL,400,25.4,0.774,58,0.72
1,0,0,1,0,0,0,1,1.53,0.2,0.43,LED,200,17.4,0.659,28,0.63
1,0,0,1,0,0,0,1,1.53,0.2,0.43,LED,400,18.9,0.702,56,0.63
0,0,1,1,0,0.66,0,0.33,1.9,0.24,0.96,LED,1000,30.73,1.06,126.31,0.76
0,0,1,1,0,0.66,0,0.33,1.9,0.24,0.96,LED,500,26.69,1.02,57.31,0.7626
0,0,1,1,0,0.66,0,0.33,1.9,0.24,0.96,LED,200,25.21,0.97,22.87,0.7572
1,0,0,1,0,0,0,1,1.53,0.2,0.63,LED,200,21.4,0.84,34.5,0.597
1,0,0,1,0,0,0,1,1.53,0.2,0.63,LED,400,21.91,0.873,63.3,0.614
1,0,0,1,0,0,0,1,1.53,0.2,0.38,LED,200,25,0.866,33.3,0.7
1,0,0,1,0,0,0,1,1.53,0.2,0.38,LED,400,26.9,0.895,64.5,0.72
1,0,0,1,0,0,0,1,1.53,0.2,0.43,FL,200,24,0.705,32,0.69
1,0,0,1,0,0,0,1,1.53,0.2,0.43,FL,400,25.4,0.775,58,0.72
1,0,0,1,0,0,0,1,1.53,0.2,0.43,LED,200,17.4,0.659,28,0.63
1,0,0,1,0,0,0,1,1.53,0.2,0.43,LED,400,18.9,0.702,56,0.63
0.36,0.54,0.1,1,0,0.4,0,0.6,1.75,0.45,-0.08,LED,1000,35.6,1.08,111,0.83
0.36,0.54,0.1,1,0,0.4,0,0.6,1.75,0.45,-0.08,FL,1000,32.7,1.09,104.8,0.82
1,0,0,1,0,0,0,1,1.53,0.2,0.43,FL,1000,33.9,0.99,139,0.77
0,0,1,1,0,0.33,0,0.66,1.8,0.8,-0.1,LED,1000,19.05,0.64,130,0.63
1,0,1,1,0,0,0,1,1.53,0.2,0.43,LED,1000,29.2,0.764,176.1,0.6
1,0,1,1,0,0.05,0,0.95,1.6,0.22,0.3,LED,1000,32.5,0.803,171.5,0.661
1,0,1,1,0,0.1,0,0.9,1.63,0.25,0.35,LED,1000,34.5,0.821,170.8,0.668
1,0,1,1,0,0.2,0,0.8,1.7,0.4,0.39,LED,1000,15,0.679,118,0.52
1,0,1,1,0,0.3,0,0.7,1.72,0.5,0.41,LED,1000,3.9,0.561,43.8,0.442
0.95,0.05,0,1,0,0.033,0,0.966,1.62,0.64,0.28,LED,400,23.33,0.711,122,0.724
0.95,0.05,0,1,0,0.033,0,0.966,1.62,0.64,0.28,LED,600,25.37,0.865,162,0.735
0.95,0.05,0,1,0,0.033,0,0.966,1.62,0.64,0.28,LED,800,25.56,0.926,205,0.731
0.95,0.05,0,1,0,0.033,0,0.966,1.62,0.64,0.28,LED,1000,25.74,0.967,251,0.733
1,0,0,1,0,0,0,1,1.53,0.2,0.43,LED,1000,37.26,0.82,243,0.52
1,0,0,1,0,0,0,1,1.53,0.2,-0.4,LED,1000,29.44,0.86,135,0.67
1,0,0,1,0,0,0,1,1.53,0.2,0.43,LED,1000,18.65,0.83,95,0.65
1,0,0,1,0,0,0,1,1.53,0.2,0.43,LED,100,19.5,0.58,14,0.66
1,0,0,1,0,0,0,1,1.53,0.2,0.43,LED,500,25.7,0.69,70,0.74
0.85,0,0.15,1,0,0,0,1,1.59,0.5,0.29,FL,200,22.68,0.785,22.7,0.75
0.85,0,0.15,1,0,0,0,1,1.59,0.5,0.29,FL,500,22.96,0.813,54.3,0.79
0.85,0,0.15,1,0,0,0,1,1.59,0.5,0.29,FL,600,22.63,0.82,63.97,0.79
0.85,0,0.15,1,0,0,0,1,1.59,0.5,0.29,FL,1000,23.08,0.83,108.3,0.8
0.85,0,0.15,1,0,0,0,1,1.59,0.5,0.29,FL,1500,22.9,0.841,156.59,0.8
0.85,0,0.15,1,0,0,0,1,1.59,0.5,0.29,FL,2000,22.84,0.855,209.04,0.8
0.85,0,0.15,1,0,0.15,0,0.85,1.66,0.53,0.33,FL,200,24.92,0.84,24.54,0.75
0.85,0,0.15,1,0,0.15,0,0.85,1.66,0.53,0.33,FL,500,25.69,0.874,58.16,0.78
0.85,0,0.15,1,0,0.15,0,0.85,1.66,0.53,0.33,FL,600,25.1,0.879,69.8,0.79
0.85,0,0.15,1,0,0.15,0,0.85,1.66,0.53,0.33,FL,1000,26.38,0.899,118.46,0.8
0.85,0,0.15,1,0,0.15,0,0.85,1.66,0.53,0.33,FL,1500,26.16,0.916,164.54,0.8
0.85,0,0.15,1,0,0.15,0,0.85,1.66,0.53,0.33,FL,2000,25.42,0.936,221.75,0.8
0.85,0,0.15,1,0,0.25,0,0.75,1.71,0.56,0.35,FL,200,24.92,0.84,24.54,0.75
0.85,0,0.15,1,0,0.25,0,0.75,1.71,0.56,0.35,FL,500,25.69,0.874,58.16,0.78
0.85,0,0.15,1,0,0.25,0,0.75,1.71,0.56,0.35,FL,600,25.1,0.879,69.8,0.79
0.85,0,0.15,1,0,0.25,0,0.75,1.71,0.56,0.35,FL,1000,26.38,0.899,118.46,0.8
0.85,0,0.15,1,0,0.25,0,0.75,1.71,0.56,0.35,FL,1500,26.16,0.916,164.54,0.8
0.85,0,0.15,1,0,0.25,0,0.75,1.71,0.56,0.35,FL,2000,25.42,0.936,221.75,0.8
0.85,0,0.15,1,0,0.35,0,0.65,1.78,0.61,0.37,FL,200,22.26,0.868,23.8,0.73
0.85,0,0.15,1,0,0.35,0,0.65,1.78,0.61,0.37,FL,500,22.16,0.895,55.05,0.76
0.85,0,0.15,1,0,0.35,0,0.65,1.78,0.61,0.37,FL,600,22.14,0.905,62.25,0.76
0.85,0,0.15,1,0,0.35,0,0.65,1.78,0.61,0.37,FL,1000,22.88,0.915,110,0.77
0.85,0,0.15,1,0,0.35,0,0.65,1.78,0.61,0.37,FL,1500,21.98,0.94,158.65,0.76
0.85,0,0.15,1,0,0.35,0,0.65,1.78,0.61,0.37,FL,2000,22.05,0.945,208.4,0.76
0.85,0,0.15,1,0,0.25,0,0.75,1.71,0.56,0.35,LED,200,22.03,0.834,23.37,0.78
0.85,0,0.15,1,0,0.25,0,0.75,1.71,0.56,0.35,LED,500,21.41,0.856,54.59,0.79
0.85,0,0.15,1,0,0.25,0,0.75,1.71,0.56,0.35,LED,600,21.47,0.864,64.64,0.8
0.85,0,0.15,1,0,0.25,0,0.75,1.71,0.56,0.35,LED,1000,22,0.883,108.23,0.8
0.85,0,0.15,1,0,0.25,0,0.75,1.71,0.56,0.35,LED,1500,21.73,0.893,157.62,0.8
0.85,0,0.15,1,0,0.25,0,0.75,1.71,0.56,0.35,LED,2000,21.75,0.9,209.46,0.8
0.85,0,0.15,1,0,0.35,0,0.65,1.78,0.61,0.37,LED,200,22.53,0.858,24.7,0.74
0.85,0,0.15,1,0,0.35,0,0.65,1.78,0.61,0.37,LED,500,22.07,0.878,56.8,0.76
0.85,0,0.15,1,0,0.35,0,0.65,1.78,0.61,0.37,LED,600,21.94,0.885,67.2,0.77
0.85,0,0.15,1,0,0.35,0,0.65,1.78,0.61,0.37,LED,1000,22.55,0.903,111.11,0.78
0.85,0,0.15,1,0,0.35,0,0.65,1.78,0.61,0.37,LED,1500,22.66,0.915,165.1,0.78
0.85,0,0.15,1,0,0.35,0,0.65,1.78,0.61,0.37,LED,2000,22.22,0.931,213.4,0.78
0.85,0,0.15,1,0,0,0,1,1.59,0.5,0.29,LED,200,22.95,0.786,24.72,0.76
0.85,0,0.15,1,0,0,0,1,1.59,0.5,0.29,LED,500,22.26,0.812,57.8,0.79
0.85,0,0.15,1,0,0,0,1,1.59,0.5,0.29,LED,600,22.78,0.817,68.76,0.8
0.85,0,0.15,1,0,0,0,1,1.59,0.5,0.29,LED,1000,23.89,0.831,116.64,0.81
0.85,0,0.15,1,0,0,0,1,1.59,0.5,0.29,LED,1500,23.31,0.844,170.16,0.81
0.85,0,0.15,1,0,0,0,1,1.59,0.5,0.29,LED,2000,23.25,0.848,223.9,0.81
0.85,0,0.15,1,0,0.85,0,0.15,1.66,0.53,0.33,LED,200,24.6,0.837,25.48,0.75
0.85,0,0.15,1,0,0.85,0,0.15,1.66,0.53,0.33,LED,500,24.47,0.869,60.34,0.79
0.85,0,0.15,1,0,0.85,0,0.15,1.66,0.53,0.33,LED,600,24.67,0.874,72.78,0.79
0.85,0,0.15,1,0,0.85,0,0.15,1.66,0.53,0.33,LED,1000,25.82,0.89,124.02,0.8
0.85,0,0.15,1,0,0.85,0,0.15,1.66,0.53,0.33,LED,1500,25.16,0.901,177.35,0.81
0.85,0,0.15,1,0,0.85,0,0.15,1.66,0.53,0.33,LED,2000,25.35,0.912,231.35,0.81
1,0,0,1,0,0,0.25,0.75,1.2,0.45,0.25,LED,100,18.6,0.67,13.76,0.66
1,0,0,1,0,0,0.25,0.75,1.2,0.45,0.25,LED,600,24.1,0.73,81,0.75
1,0,0,1,0,0,0.25,0.75,1.2,0.45,0.25,LED,1000,24.8,0.76,133.96,0.76
1,0,0,1,0,0,0.25,0.75,1.2,0.45,0.47,LED,100,2.1,0.24,13.5,0.3
1,0,0,1,0,0,0.25,0.75,1.2,0.45,0.47,LED,600,6.5,0.53,61.53,0.4
1,0,0,1,0,0,0.25,0.75,1.2,0.45,0.47,LED,1000,8.3,0.57,104.57,0.46
1,0,0,1,0,0,0.25,0.75,1.2,0.45,0.5,LED,100,5.8,0.51,13.13,0.33
1,0,0,1,0,0,0.25,0.75,1.2,0.45,0.5,LED,600,11.6,0.66,65.88,0.51
1,0,0,1,0,0,0.25,0.75,1.2,0.45,0.5,LED,1000,13.7,0.7,108.77,0.77
1,0,0,1,0,0,0.25,0.75,1.2,0.45,0.5,LED,200,7.8,0.58,23.67,0.37
1,0,0,1,0,0,0.25,0.75,1.2,0.45,0.5,LED,400,10.4,0.64,44.57,0.45
1,0,0,1,0,0,0.25,0.75,1.2,0.45,0.5,LED,800,12.9,0.68,87.3,0.55
1,0,0,1,0,0,0.25,0.75,1.2,0.45,0.5,LED,200,2.9,0.35,22.56,0.31
1,0,0,1,0,0,0.25,0.75,1.2,0.45,0.5,LED,400,5.1,0.49,42.21,0.35
1,0,0,1,0,0,0.25,0.75,1.2,0.45,0.5,LED,800,7.5,0.55,84.79,0.44
1,0,0,1,0,0,0.25,0.75,1.2,0.45,0.25,LED,200,20.7,0.69,26.61,0.71
1,0,0,1,0,0,0.25,0.75,1.2,0.45,0.25,LED,400,22,0.71,51.78,0.74
1,0,0,1,0,0,0.25,0.75,1.2,0.45,0.25,LED,800,24.4,0.74,107.73,0.76
1,0,0,1,0,0,0.25,0.75,1.5,0.25,0.35,LED,200,10.8,0.598,15.8,0.581
1,0,0,1,0,0,0.25,0.75,1.5,0.25,0.35,LED,400,12.1,0.631,33.7,0.616
0.85,0,0.15,1,0,0,0,1,1.8,0.55,0.45,FL,200,23.42,0.84,0.0245,0.75
0.85,0,0.15,1,0,0,0,1,1.8,0.55,0.45,FL,500,24.1,0.87,0.058,0.78
0.85,0,0.15,1,0,0,0,1,1.8,0.55,0.45,FL,600,24.66,0.879,0.069,0.79
0.85,0,0.15,1,0,0,0,1,1.8,0.55,0.45,FL,1000,25.94,0.899,0.118,0.8
0.85,0,0.15,1,0,0,0,1,1.8,0.55,0.45,FL,1500,24.65,0.916,0.1645,0.8
0.85,0,0.15,1,0,0,0,1,1.8,0.55,0.45,FL,2000,25.28,0.936,0.2217,0.8
1,0,0,1,0,0.66,0.33,0,1.7,0.39,0.8,LED,200,12.43,0.79,0.023,0.59
1,0,0,1,0,0.66,0.33,0,1.7,0.39,0.8,LED,400,12.72,0.8,0.029,0.56
1,0,0,1,0,0.66,0.33,0,1.7,0.39,0.8,LED,800,14.86,0.85,0.075,0.64
1,0,0,1,0,0.66,0.33,0,1.7,0.39,0.8,HALOGEN,200,3.93,0.88,0.138,0.64
1,0,0,1,0,0.66,0.33,0,1.7,0.39,0.8,HALOGEN,400,5.85,0.91,0.258,0.66
1,0,0,1,0,0.66,0.33,0,1.7,0.39,0.8,HALOGEN,800,7.5,0.94,0.448,0.71
1,0,0,1,0,0,0,1,1.53,0.2,0.43,LED,200,18.4,0.79,28.5,0.659
1,0,0,1,0,0,0,1,1.53,0.2,0.43,LED,400,20.7,0.83,55.5,0.691
0,0,1,1,0,0.33,0,0.66,2,0.6,0.7,LED,200,25.21,0.97,22.87,0.7572
0,0,1,1,0,0.33,0,0.66,2,0.6,0.7,LED,500,26.89,1.02,57.31,0.7626
0,0,1,1,0,0.33,0,0.66,2,0.6,0.7,LED,1000,30.73,1.06,126.31,0.7667
1,0,0,1,0,0,0,1,1.53,0.2,0.33,LED,200,26.5,0.81,30.6,0.68
1,0,0,1,0,0,0,1,1.53,0.2,0.33,LED,400,27.4,0.85,57.4,0.71
1,0,0,1,0,0,0,1,1.53,0.2,0.33,LED,600,27.7,0.86,84.5,0.72
1,0,0,1,0,0,0,1,1.53,0.2,0.33,LED,800,28.2,0.87,111,0.73
1,0,0,1,0,0,0,1,1.53,0.2,0.33,LED,1000,28.6,0.88,135,0.75
1,0,0,1,0,0,0,1,1.61,0.09,0.14,FL,1000,31.4,0.901,275.4,0.76
1,0,0,1,0,0.2,0.2,0.6,1.8,0.06,0.36,FL,1000,36.2,1.028,275.4,0.768
1,0,0,1,0,0,0,1,1.53,0.2,0.48,LED,200,24.5,0.867,32.84,0.7
1,0,0,1,0,0,0,1,1.53,0.2,0.48,LED,400,26.47,0.901,63.21,0.72
1,0,0,1,0,0,0,1,1.53,0.2,0.63,LED,200,20.23,0.836,32.87,0.5959
1,0,0,1,0,0,0,1,1.53,0.2,0.63,LED,400,21.33,0.871,62.99,0.583
0.16,0.79,0.05,1,0,0.16,0,0.84,1.9,0.3,0.6,LED,200,17.9,0.68,28.38,0.606
0.16,0.79,0.05,1,0,0.5,0,0.5,1.81,0.24,0.32,LED,200,17.8,0.803,26.8,0.527
1,0,0,1,0,0,0,1,1.53,0.2,0.63,LED,500,17.5,0.8,74,0.46
1,0,0,1,0,0,0,1,1.53,0.2,0.13,LED,500,33.4,0.97,77.1,0.7
1,0,0,1,0,0,0,1,1.53,0.2,0.41,LED,500,32.3,0.93,77,0.71
1,0,0,1,0,0,0,1,1.53,0.2,0.63,LED,1000,24.7,0.89,149.9,0.52
1,0,0,1,0,0,0,1,1.53,0.2,0.13,LED,1000,35.9,0.98,157.6,0.72
1,0,0,1,0,0,0,1,1.53,0.2,0.41,LED,1000,34.8,0.95,157.7,0.72
1,0,0,1,0,0,0,1,1.53,0.2,0.43,FL,200,24,0.705,31,0.69
1,0,0,1,0,0,0,1,1.53,0.2,0.43,FL,400,25,0.775,58,0.72
1,0,0,1,0,0,0,1,1.53,0.2,0.43,LED,200,17.4,0.659,28,0.63
1,0,0,1,0,0,0,1,1.53,0.2,0.43,LED,400,18.9,0.702,56,0.63
0.95,0,0.05,1,0,0,0,1,1.6,0.24,0.32,LED,1000,29.43,0.87,410,0.7102
0.95,0,0.05,1,0,0.1,0,0.9,1.63,0.23,0.31,LED,1000,28.96,0.87,390,0.7446
0.95,0,0.05,1,0,0.2,0,0.8,1.68,0.25,0.33,LED,1000,32.82,0.91,400,0.7865
0.95,0,0.05,1,0,0.3,0,0.7,1.7,0.3,0.37,LED,1000,30.53,0.92,390,0.7281
0.95,0,0.05,1,0,0.4,0,0.6,1.74,0.33,0.38,LED,1000,17.14,0.91,360,0.455
0.95,0,0.05,1,0,0.5,0,0.5,1.75,0.35,0.39,LED,1000,5.59,0.87,140,0.3689
0.95,0.05,0,1,0,0.05,0,0.95,1.63,0.65,0.28,LED,400,23.33,0.711,122,0.724
0.95,0.05,0,1,0,0.05,0,0.95,1.63,0.65,0.28,LED,600,25.37,0.865,162,0.735
0.95,0.05,0,1,0,0.05,0,0.95,1.63,0.65,0.28,LED,800,25.56,0.926,205,0.731
0.95,0.05,0,1,0,0.05,0,0.95,1.63,0.65,0.28,LED,1000,25.74,0.967,251,0.733
1,0,0,1,0,0,0.25,0.75,1.5,0.25,0.48,LED,200,6.7,0.598,15.8,0.58
1,0,0,1,0,0,0.25,0.75,1.5,0.25,0.48,LED,400,7.7,0.631,33,0.67
0.25,0.75,0,0,1,0.33,0,0.66,1.3,0.5,0.2,LED,1000,10.45,0.26,230,0.47
0.25,0.75,0,0,1,0.33,0,0.66,1.4,0.3,0.1,LED,1000,12.81,0.28,280,0.67
1,0,0,1,0,0,0,1,1.53,0.2,0.43,LED,200,20.6,0.82,30.7,0.727
1,0,0,1,0,0,0,1,1.53,0.2,0.43,LED,400,22.6,0.86,58.8,0.735
1,0,0,1,0,0,0,1,1.53,0.2,0.63,LED,810,31.97,0.871,121,0.7685
1,0,0,1,0,0,0,1,1.53,0.2,0.63,LED,860,30.36,0.867,120,0.7735
1,0,0,1,0,0,0,1,1.53,0.2,0.63,LED,910,28.98,0.87,125,0.7803
0.95,0.05,0,1,0,0.05,0,0.95,1.64,0.64,0.28,LED,800,25.56,0.926,205,0.731
1,0,0,1,0,0,0,1,1.53,0.2,0.43,LED,400,20.7,0.83,55,0.691
0,0,1,1,0,0.33,0,0.66,1.53,0.33,0.4,FL,1000,19.05,0.64,130,0.63
1,0,0,1,0,0,0,1,1.53,0.2,0.4,LED,400,21.33,0.871,62,0.583
1,0,0,1,0,0,0,1,1.53,0.2,0.63,LED,1000,27,0.858,129,0.753
1,0,0,1,0,0,0,1,1.53,0.2,0.53,LED,1000,35.9,0.98,157,0.72
1,0,0,1,0,0,0,1,1.53,0.4,0.33,LED,1000,26.3,0.84,132,0.75
1,0,0,1,0,0,0.25,0.75,1.5,0.25,0.25,LED,1000,36.2,1.028,126,0.768
1,0,0,1,0,0,0,1,1.53,0.2,0.63,LED,555,33.88,0.86,89.7,0.79
1,0,0,1,0,0,0,1,1.53,0.2,0.63,LED,538,33.56,0.844,79.2,0.75
1,0,0,1,0,0,0,1,1.53,0.2,0.63,LED,492,31.34,0.833,65.6,0.75
1,0,0,1,0,0,0,1,1.53,0.2,0.63,LED,200,0.58,0.45,2.01,0.4544
1,0,0,1,0,0,0,1,1.53,0.2,0.63,LED,400,0.46,0.502,3,0.4105
1,0,0,1,0,0,0,1,1.53,0.2,0.43,LED,200,12.85,0.805,23.68,0.4959
1,0,0,1,0,0,0,1,1.53,0.2,1.43,LED,400,13.32,0.842,40.26,0.5257
0,0,1,1,0,1,0,0,1.2,0.3,0.1,LED,300,33.33,0.928,48.44,0.684
0,0,1,1,0,1,0,0,1.2,0.3,0.1,LED,500,34.59,0.936,81.17,0.699
0,0,1,1,0,1,0,0,1.7,0.3,0.1,LED,1000,35.35,0.973,152.02,0.7345
0.57,0.38,0.05,1,0,0.2,0,0.8,1.8,0.38,0.64,LED,300,36.35,0.959,50.14,0.6974
0.57,0.38,0.05,1,0,0.2,0,0.8,1.8,0.38,0.64,LED,500,37.51,0.974,82.85,0.7188
0.57,0.38,0.05,1,0,0.2,0,0.8,1.8,0.38,0.64,LED,1000,38.52,1.028,152.79,0.7537
1,0,0,1,0,0,0,1,1.53,0.2,0.8,LED,810,31.97,0.871,120,0.7685
1,0,0,1,0,0,0,1,1.53,0.2,0.8,LED,860,30.36,0.867,121,0.7735
1,0,0,1,0,0,0,1,1.53,0.2,0.8,LED,910,28.98,0.87,125,0.7803
0.95,0.05,0,1,0,0.05,0,0.95,1.53,0.19,0.19,LED,800,25.56,0.926,205,0.731
1,0,0,1,0,0,0,1,1.53,0.2,0.6,LED,400,20.7,0.83,55,0.69
0,0,1,1,0,0.66,0,0.33,1.9,0.5,0.6,LED,1000,19.05,0.64,130,0.63
1,0,0,1,0,0,0,1,1.53,0.2,0.3,LED,400,21.33,0.871,62,0.583
1,0,0,1,0,0,0,1,1.53,0.2,0.8,LED,1000,27,0.858,129,0.753
1,0,0,1,0,0,0,1,1.53,0.2,0.6,LED,1000,35.9,0.98,157,0.72
1,0,0,1,0,0,0,1,1.53,0.4,0.6,LED,1000,26.3,0.84,132,0.75
1,0,0,1,0,0.33,0.33,0.34,1.8,0.6,0.2,LED,1000,36.2,1.028,126,0.768
1,0,0,1,0,0,0,1,1.53,0.6,0.2,LED,1000,35.2,0.87,150,0.752
1,0,0,1,0,0,0,1,1.53,0.2,0.8,LED,555,33.88,0.86,87.9,0.7694
1,0,0,1,0,0,0,1,1.53,0.2,0.8,LED,538,33.56,0.84,79.2,0.617
1,0,0,1,0,0,0,1,1.53,0.2,0.8,LED,492,31.34,0.833,65.7,0.755
1,0,0,1,0,0,0.33,0.66,1.6,0.5,0.3,LED,100,20.9,0.75,13,0.65
1,0,0,1,0,0,0.33,0.66,1.6,0.4,0.3,LED,100,18.6,0.67,13,0.66
1,0,0,1,0,0,0.33,0.66,1.6,0.8,0.3,LED,100,5.8,0.51,13,0.33
1,0,0,1,0,0,0.33,0.66,1.6,0.3,0.3,LED,100,2.1,0.24,13,0.3
1,0,0,1,0,0,0.33,0.66,1.6,0.5,0.3,LED,600,25.1,0.83,79,0.74
1,0,0,1,0,0,0.33,0.66,1.6,0.4,0.3,LED,600,23.1,0.73,81,0.75
1,0,0,1,0,0,0.33,0.66,1.6,0.8,0.3,LED,600,11.6,0.66,65,0.51
1,0,0,1,0,0,0.33,0.66,1.6,0.3,0.3,LED,600,6.5,0.53,61,0.4
1,0,0,1,0,0,0.33,0.66,1.6,0.5,0.3,LED,1000,26.3,0.84,132,0.75
1,0,0,1,0,0,0.33,0.66,1.6,0.4,0.3,LED,1000,24.8,0.76,133,0.76
1,0,0,1,0,0,0.33,0.66,1.6,0.8,0.3,LED,1000,13.7,0.7,108,0.7
1,0,0,1,0,0,0.33,0.66,1.6,0.3,0.3,LED,1000,8.3,0.57,104,0.57
1,0,0,1,0,0,0,1,1.53,0.2,0.6,LED,100,19.5,0.58,14,0.66
1,0,0,1,0,0,0,1,1.53,0.2,0.6,LED,500,25.7,0.69,70,0.74
1,0,0,1,0,0,0,1,1.53,0.2,0.6,LED,1000,35.2,0.87,150,0.75
0.95,0,0.05,1,0,0,0,1,1.8,0.38,0.3,LED,1000,29.43,0.87,400,0.7202
0.95,0,0.05,1,0,0,0,1,1.8,0.38,0.3,LED,1000,28.96,0.87,390,0.7446
0.95,0,0.05,1,0,0,0,1,1.8,0.38,0.3,LED,1000,32.32,0.91,400,0.7865
0.95,0,0.05,1,0,0,0,1,1.8,0.38,0.3,LED,1000,30.53,0.92,390,0.7281
0.95,0,0.05,1,0,0,0,1,1.8,0.38,0.3,LED,1000,17.14,0.91,360,0.455
0.95,0,0.05,1,0,0,0,1,1.8,0.38,0.3,LED,1000,5.59,0.87,140,0.3689
0.95,0,0.05,1,0,0,0,1,2,0.5,0.6,LED,1000,28.43,0.87,410,0.7102
0.95,0,0.05,1,0,0.1,0,0.9,1.8,0.2,0.6,LED,1000,28.96,0.87,390,0.7446
0.95,0,0.05,1,0,0.2,0,0.8,1.8,0.2,0.6,LED,1000,32.82,0.91,400,0.7865
0.95,0,0.05,1,0,0.3,0,0.7,1.8,0.2,0.6,LED,1000,30.53,0.92,390,0.7281
0.95,0,0.05,1,0,0.4,0,0.6,1.8,0.2,0.6,LED,1000,17.14,0.91,360,0.455
0.95,0,0.05,1,0,0.5,0,0.5,1.8,0.2,0.6,LED,1000,5.59,0.87,140,0.3889
1,0,0,1,0,0,0,1,1.53,0.11,0.7,LED,1000,22.7,0.809,171,0.65
1,0,0,1,0,0,0,1,1.53,-0.01,0.7,LED,1000,30.1,0.796,186,0.74
1,0,0,1,0,0,0,1,1.53,0.11,0.7,LED,200,10.31,0.654,58,0.41
1,0,0,1,0,0,0,1,1.53,-0.01,0.7,LED,200,6.03,0.502,38,0.29
1,0,0,1,0,0,0,1,1.53,0.26,0.37,LED,220,14.1,0.865,479,0.748
1,0,0,1,0,0.04,0,0.96,1.8,0.3,0.6,LED,220,19.9,0.974,603,0.745
1,0,0,1,0,0,0.04,0.96,1.7,0.2,0.5,LED,220,20.8,0.956,622,0.771
1,0,0,1,0,0,0,1,1.53,0.26,0.37,FL,320,12.8,0.756,76,0.71
1,0,0,1,0,0.04,0,0.96,1.8,0.3,0.6,FL,321,20.3,0.895,98,0.744
1,0,0,1,0,0,0.04,0.96,1.7,0.2,0.5,FL,322,23,0.901,105,0.779
1,0,0,1,0,0,0,1,1.53,0.36,0.57,LED,1000,17.8,0.779,147,0.46
0,0,1,1,0,0.33,0,0.66,1.8,0.5,0.8,LED,200,25.21,0.97,22,0.7572
0,0,1,1,0,0.33,0,0.66,1.8,0.5,0.8,LED,500,26.69,1.02,57,0.7626
0,0,1,1,0,0.33,0,0.66,1.8,0.5,0.8,LED,1000,30.73,1.06,126,0.7667
